Id,Predicted
0,increasevolume
1,decreaseheat
2,decreasevolume
3,activatemusic
4,decreasevolume
5,increaseheat
6,increasevolume
7,decreasevolume
8,decreasevolume
9,increasevolume
10,decreasevolume
11,decreasevolume
12,decreasevolume
13,increasevolume
14,decreasevolume
15,decreasevolume
16,increasevolume
17,decreasevolume
18,decreasevolume
19,increasevolume
20,decreasevolume
21,decreasevolume
22,increasevolume
23,decreasevolume
24,decreasevolume
25,increasevolume
26,decreasevolume
27,change languagenone
28,decreasevolume
29,increasevolume
30,increasevolume
31,decreasevolume
32,increasevolume
33,increasevolume
34,increasevolume
35,increasevolume
36,decreasevolume
37,increasevolume
38,change languagenone
39,decreasevolume
40,decreasevolume
41,activatemusic
42,decreasevolume
43,increasevolume
44,increasevolume
45,increasevolume
46,increasevolume
47,increasevolume
48,increasevolume
49,increasevolume
50,increasevolume
51,decreasevolume
52,change languagenone
53,increasevolume
54,decreaseheat
55,increasevolume
56,decreasevolume
57,increasevolume
58,increaseheat
59,increasevolume
60,increasevolume
61,decreasevolume
62,decreasevolume
63,decreasevolume
64,decreasevolume
65,increasevolume
66,decreaseheat
67,increasevolume
68,increasevolume
69,decreaseheat
70,increasevolume
71,increaseheat
72,increasevolume
73,increasevolume
74,decreasevolume
75,increasevolume
76,increasevolume
77,decreasevolume
78,increasevolume
79,decreasevolume
80,decreaseheat
81,decreasevolume
82,increasevolume
83,decreasevolume
84,increasevolume
85,increasevolume
86,increasevolume
87,decreasevolume
88,increasevolume
89,increasevolume
90,decreasevolume
91,decreasevolume
92,decreasevolume
93,increasevolume
94,increasevolume
95,increasevolume
96,increasevolume
97,decreaseheat
98,decreasevolume
99,decreasevolume
100,increasevolume
101,increasevolume
102,increasevolume
103,increasevolume
104,decreaseheat
105,decreasevolume
106,decreasevolume
107,decreaseheat
108,decreaseheat
109,increasevolume
110,increasevolume
111,decreasevolume
112,increasevolume
113,decreasevolume
114,decreasevolume
115,increaseheat
116,increasevolume
117,decreasevolume
118,increaseheat
119,increasevolume
120,increaseheat
121,increasevolume
122,decreasevolume
123,increasevolume
124,decreasevolume
125,increasevolume
126,increasevolume
127,increasevolume
128,decreasevolume
129,decreaseheat
130,increasevolume
131,decreasevolume
132,increasevolume
133,increasevolume
134,increasevolume
135,increasevolume
136,increaseheat
137,decreasevolume
138,decreasevolume
139,increasevolume
140,increasevolume
141,increasevolume
142,increasevolume
143,decreasevolume
144,change languagenone
145,increasevolume
146,increasevolume
147,decreasevolume
148,decreaseheat
149,increasevolume
150,decreasevolume
151,increasevolume
152,decreasevolume
153,increasevolume
154,increasevolume
155,increasevolume
156,increasevolume
157,increasevolume
158,change languagenone
159,decreasevolume
160,decreasevolume
161,increasevolume
162,increasevolume
163,increasevolume
164,change languagenone
165,decreasevolume
166,decreasevolume
167,increasevolume
168,increasevolume
169,decreasevolume
170,increasevolume
171,change languagenone
172,decreasevolume
173,increasevolume
174,decreasevolume
175,increasevolume
176,decreasevolume
177,increasevolume
178,decreasevolume
179,increasevolume
180,decreasevolume
181,decreasevolume
182,decreasevolume
183,increasevolume
184,increasevolume
185,increasevolume
186,decreasevolume
187,increaseheat
188,decreasevolume
189,increasevolume
190,increasevolume
191,increasevolume
192,increasevolume
193,increasevolume
194,increasevolume
195,increasevolume
196,increasevolume
197,increasevolume
198,increaseheat
199,decreasevolume
200,increasevolume
201,increasevolume
202,increasevolume
203,change languagenone
204,decreaseheat
205,increasevolume
206,increaseheat
207,decreasevolume
208,increasevolume
209,decreasevolume
210,increasevolume
211,increaseheat
212,increaseheat
213,decreasevolume
214,increasevolume
215,increasevolume
216,increasevolume
217,decreasevolume
218,decreaseheat
219,increasevolume
220,increasevolume
221,increasevolume
222,decreasevolume
223,increasevolume
224,decreasevolume
225,increaseheat
226,activatemusic
227,decreaseheat
228,decreasevolume
229,increaseheat
230,decreasevolume
231,decreasevolume
232,decreasevolume
233,increasevolume
234,change languagenone
235,decreasevolume
236,increasevolume
237,increasevolume
238,decreasevolume
239,increasevolume
240,increasevolume
241,activatemusic
242,decreasevolume
243,decreasevolume
244,increasevolume
245,increasevolume
246,increaseheat
247,decreasevolume
248,decreasevolume
249,increasevolume
250,increasevolume
251,activatemusic
252,increasevolume
253,increasevolume
254,increasevolume
255,increasevolume
256,decreasevolume
257,decreasevolume
258,decreasevolume
259,decreasevolume
260,decreasevolume
261,activatemusic
262,increasevolume
263,increasevolume
264,increasevolume
265,increasevolume
266,increasevolume
267,increaseheat
268,increasevolume
269,decreasevolume
270,activatemusic
271,increasevolume
272,increasevolume
273,increaseheat
274,decreasevolume
275,increasevolume
276,decreasevolume
277,increasevolume
278,decreasevolume
279,decreasevolume
280,increasevolume
281,decreasevolume
282,decreaseheat
283,activatemusic
284,increasevolume
285,increasevolume
286,change languagenone
287,decreaseheat
288,increasevolume
289,decreasevolume
290,increasevolume
291,activatemusic
292,increasevolume
293,increasevolume
294,increasevolume
295,activatemusic
296,increasevolume
297,increasevolume
298,decreasevolume
299,increasevolume
300,increasevolume
301,activatemusic
302,decreasevolume
303,increasevolume
304,increasevolume
305,change languagenone
306,increasevolume
307,increasevolume
308,decreaseheat
309,change languagenone
310,increaseheat
311,increasevolume
312,increasevolume
313,increasevolume
314,increasevolume
315,increasevolume
316,increasevolume
317,decreaseheat
318,decreasevolume
319,decreasevolume
320,increasevolume
321,decreasevolume
322,increasevolume
323,decreasevolume
324,decreasevolume
325,increasevolume
326,decreasevolume
327,increasevolume
328,increasevolume
329,decreasevolume
330,increasevolume
331,decreasevolume
332,activatemusic
333,increasevolume
334,change languagenone
335,activatemusic
336,increasevolume
337,increaseheat
338,increaseheat
339,increasevolume
340,increasevolume
341,increasevolume
342,increasevolume
343,increasevolume
344,increasevolume
345,decreaseheat
346,decreasevolume
347,increasevolume
348,decreasevolume
349,increasevolume
350,decreasevolume
351,change languagenone
352,increasevolume
353,decreasevolume
354,increasevolume
355,decreasevolume
356,decreaseheat
357,decreasevolume
358,increasevolume
359,decreasevolume
360,decreasevolume
361,increasevolume
362,decreasevolume
363,decreasevolume
364,increasevolume
365,increasevolume
366,decreasevolume
367,decreasevolume
368,decreasevolume
369,increasevolume
370,decreasevolume
371,increasevolume
372,decreasevolume
373,increasevolume
374,decreasevolume
375,activatemusic
376,increasevolume
377,decreasevolume
378,increasevolume
379,decreasevolume
380,change languagenone
381,increasevolume
382,decreasevolume
383,activatemusic
384,decreasevolume
385,decreasevolume
386,decreasevolume
387,change languagenone
388,decreasevolume
389,change languagenone
390,increasevolume
391,decreasevolume
392,increasevolume
393,increasevolume
394,decreasevolume
395,decreasevolume
396,increasevolume
397,decreasevolume
398,increasevolume
399,decreaseheat
400,increaseheat
401,decreasevolume
402,decreasevolume
403,decreasevolume
404,increaseheat
405,decreasevolume
406,decreasevolume
407,decreasevolume
408,increasevolume
409,increasevolume
410,decreasevolume
411,increasevolume
412,activatemusic
413,decreasevolume
414,increasevolume
415,decreasevolume
416,decreasevolume
417,increaseheat
418,increasevolume
419,decreasevolume
420,decreasevolume
421,decreasevolume
422,decreasevolume
423,increasevolume
424,decreasevolume
425,increasevolume
426,increasevolume
427,increasevolume
428,increasevolume
429,increasevolume
430,increasevolume
431,decreasevolume
432,decreasevolume
433,increasevolume
434,increasevolume
435,increasevolume
436,increasevolume
437,increasevolume
438,decreaseheat
439,increasevolume
440,decreasevolume
441,decreaseheat
442,increasevolume
443,increaseheat
444,decreaseheat
445,decreasevolume
446,decreasevolume
447,decreasevolume
448,change languagenone
449,increasevolume
450,decreaseheat
451,increasevolume
452,increasevolume
453,increasevolume
454,decreasevolume
455,decreasevolume
456,increasevolume
457,increasevolume
458,decreasevolume
459,change languagenone
460,increasevolume
461,decreasevolume
462,decreasevolume
463,increasevolume
464,decreasevolume
465,increasevolume
466,decreasevolume
467,decreasevolume
468,increasevolume
469,decreasevolume
470,increaseheat
471,increasevolume
472,increasevolume
473,increaseheat
474,increasevolume
475,decreasevolume
476,increasevolume
477,decreasevolume
478,increasevolume
479,increasevolume
480,increasevolume
481,decreasevolume
482,decreasevolume
483,decreasevolume
484,increasevolume
485,increasevolume
486,decreasevolume
487,increasevolume
488,decreasevolume
489,increasevolume
490,decreasevolume
491,increasevolume
492,decreasevolume
493,decreaseheat
494,increasevolume
495,increasevolume
496,increasevolume
497,decreasevolume
498,decreasevolume
499,increaseheat
500,decreaseheat
501,decreasevolume
502,increasevolume
503,increasevolume
504,decreasevolume
505,decreasevolume
506,increasevolume
507,increasevolume
508,increasevolume
509,increasevolume
510,change languagenone
511,increasevolume
512,decreasevolume
513,decreaseheat
514,increasevolume
515,increasevolume
516,increasevolume
517,increasevolume
518,increasevolume
519,decreasevolume
520,increasevolume
521,increasevolume
522,change languagenone
523,decreasevolume
524,increasevolume
525,increasevolume
526,decreasevolume
527,increasevolume
528,increaseheat
529,increasevolume
530,increasevolume
531,change languagenone
532,increasevolume
533,increasevolume
534,increaseheat
535,decreasevolume
536,decreasevolume
537,decreasevolume
538,decreaseheat
539,decreasevolume
540,activatemusic
541,increasevolume
542,decreasevolume
543,increasevolume
544,decreasevolume
545,activatemusic
546,decreasevolume
547,increasevolume
548,increaseheat
549,decreasevolume
550,increasevolume
551,decreasevolume
552,increasevolume
553,increasevolume
554,increasevolume
555,increasevolume
556,increasevolume
557,increasevolume
558,decreasevolume
559,increasevolume
560,increaseheat
561,increasevolume
562,increasevolume
563,increasevolume
564,increasevolume
565,increasevolume
566,decreasevolume
567,increasevolume
568,increasevolume
569,decreasevolume
570,increasevolume
571,increasevolume
572,decreasevolume
573,increasevolume
574,increasevolume
575,increasevolume
576,decreaseheat
577,increasevolume
578,decreasevolume
579,increaseheat
580,increasevolume
581,increasevolume
582,increasevolume
583,increasevolume
584,decreasevolume
585,activatemusic
586,activatemusic
587,increasevolume
588,increaseheat
589,decreaseheat
590,increasevolume
591,increasevolume
592,decreasevolume
593,decreasevolume
594,increasevolume
595,increasevolume
596,decreasevolume
597,increasevolume
598,activatemusic
599,decreasevolume
600,decreasevolume
601,decreasevolume
602,decreasevolume
603,decreasevolume
604,increasevolume
605,increasevolume
606,increasevolume
607,increasevolume
608,increasevolume
609,change languagenone
610,decreasevolume
611,decreaseheat
612,increasevolume
613,increaseheat
614,increasevolume
615,increasevolume
616,decreaseheat
617,increasevolume
618,increasevolume
619,decreasevolume
620,increasevolume
621,increasevolume
622,increasevolume
623,activatemusic
624,increasevolume
625,decreasevolume
626,decreasevolume
627,increasevolume
628,increasevolume
629,increasevolume
630,decreasevolume
631,increasevolume
632,change languagenone
633,decreasevolume
634,increaseheat
635,increasevolume
636,decreasevolume
637,decreasevolume
638,decreasevolume
639,decreasevolume
640,increasevolume
641,decreasevolume
642,decreasevolume
643,decreasevolume
644,increaseheat
645,increasevolume
646,increasevolume
647,change languagenone
648,increasevolume
649,change languagenone
650,increaseheat
651,decreasevolume
652,decreasevolume
653,increasevolume
654,decreasevolume
655,increasevolume
656,increasevolume
657,decreaseheat
658,increasevolume
659,increasevolume
660,increasevolume
661,increaseheat
662,decreasevolume
663,increasevolume
664,increasevolume
665,increasevolume
666,decreasevolume
667,increasevolume
668,decreasevolume
669,decreasevolume
670,decreasevolume
671,decreasevolume
672,increasevolume
673,increasevolume
674,change languagenone
675,increasevolume
676,increasevolume
677,decreasevolume
678,increaseheat
679,increaseheat
680,decreasevolume
681,decreasevolume
682,increasevolume
683,decreasevolume
684,increasevolume
685,increasevolume
686,decreasevolume
687,decreasevolume
688,decreasevolume
689,change languagenone
690,increasevolume
691,increasevolume
692,decreasevolume
693,increasevolume
694,increasevolume
695,increasevolume
696,increasevolume
697,activatemusic
698,decreasevolume
699,increaseheat
700,increasevolume
701,increasevolume
702,decreasevolume
703,decreasevolume
704,increasevolume
705,activatemusic
706,decreasevolume
707,decreasevolume
708,increasevolume
709,increaseheat
710,decreasevolume
711,increaseheat
712,increasevolume
713,decreasevolume
714,decreasevolume
715,increasevolume
716,activatemusic
717,increasevolume
718,decreasevolume
719,increasevolume
720,decreasevolume
721,decreasevolume
722,decreaseheat
723,increasevolume
724,increasevolume
725,decreasevolume
726,increasevolume
727,increasevolume
728,increasevolume
729,decreasevolume
730,increasevolume
731,increasevolume
732,increasevolume
733,increasevolume
734,increasevolume
735,increasevolume
736,activatemusic
737,decreaseheat
738,decreasevolume
739,increasevolume
740,increasevolume
741,increasevolume
742,change languagenone
743,decreaseheat
744,increasevolume
745,increasevolume
746,decreasevolume
747,decreasevolume
748,change languagenone
749,increasevolume
750,increaseheat
751,decreaseheat
752,decreasevolume
753,decreasevolume
754,decreasevolume
755,increasevolume
756,change languagenone
757,increasevolume
758,increaseheat
759,decreaseheat
760,increasevolume
761,decreasevolume
762,decreasevolume
763,increasevolume
764,increaseheat
765,activatemusic
766,increaseheat
767,change languagenone
768,activatemusic
769,increasevolume
770,decreasevolume
771,decreasevolume
772,decreasevolume
773,decreaseheat
774,increasevolume
775,decreasevolume
776,change languagenone
777,decreasevolume
778,decreasevolume
779,decreasevolume
780,increaseheat
781,decreasevolume
782,increasevolume
783,increasevolume
784,decreasevolume
785,increasevolume
786,increasevolume
787,increasevolume
788,increasevolume
789,increasevolume
790,increasevolume
791,increaseheat
792,decreasevolume
793,decreasevolume
794,increasevolume
795,decreasevolume
796,increasevolume
797,increasevolume
798,increasevolume
799,decreasevolume
800,increasevolume
801,increasevolume
802,decreasevolume
803,decreasevolume
804,decreaseheat
805,increasevolume
806,increasevolume
807,increasevolume
808,decreasevolume
809,decreasevolume
810,decreasevolume
811,increasevolume
812,decreasevolume
813,decreasevolume
814,activatemusic
815,change languagenone
816,decreaseheat
817,decreasevolume
818,decreasevolume
819,increasevolume
820,increasevolume
821,decreasevolume
822,decreasevolume
823,decreasevolume
824,decreasevolume
825,increasevolume
826,increasevolume
827,change languagenone
828,increasevolume
829,increasevolume
830,increasevolume
831,decreaseheat
832,decreasevolume
833,decreaseheat
834,increasevolume
835,decreasevolume
836,increaseheat
837,increasevolume
838,increasevolume
839,increasevolume
840,increasevolume
841,increasevolume
842,decreasevolume
843,decreasevolume
844,change languagenone
845,increasevolume
846,increaseheat
847,increasevolume
848,decreasevolume
849,increasevolume
850,decreasevolume
851,increasevolume
852,decreasevolume
853,increasevolume
854,decreasevolume
855,decreasevolume
856,increasevolume
857,decreasevolume
858,activatemusic
859,activatemusic
860,increasevolume
861,increasevolume
862,decreaseheat
863,increasevolume
864,decreasevolume
865,increasevolume
866,increasevolume
867,increasevolume
868,activatemusic
869,increasevolume
870,increaseheat
871,change languagenone
872,increasevolume
873,increasevolume
874,increasevolume
875,increaseheat
876,increaseheat
877,increasevolume
878,decreasevolume
879,decreasevolume
880,increasevolume
881,increasevolume
882,increasevolume
883,increasevolume
884,decreasevolume
885,increasevolume
886,increasevolume
887,decreasevolume
888,increasevolume
889,increasevolume
890,increasevolume
891,decreasevolume
892,decreasevolume
893,decreasevolume
894,decreasevolume
895,decreasevolume
896,increaseheat
897,increasevolume
898,increasevolume
899,increasevolume
900,increasevolume
901,increasevolume
902,increasevolume
903,increasevolume
904,change languagenone
905,decreasevolume
906,increasevolume
907,increaseheat
908,increaseheat
909,increasevolume
910,change languagenone
911,increasevolume
912,decreasevolume
913,decreasevolume
914,decreasevolume
915,decreasevolume
916,increasevolume
917,decreasevolume
918,decreasevolume
919,decreasevolume
920,increasevolume
921,decreasevolume
922,increasevolume
923,change languagenone
924,decreasevolume
925,increasevolume
926,increasevolume
927,change languagenone
928,decreasevolume
929,change languagenone
930,decreasevolume
931,increasevolume
932,decreasevolume
933,increasevolume
934,increasevolume
935,increasevolume
936,change languagenone
937,activatemusic
938,decreaseheat
939,increasevolume
940,decreasevolume
941,decreasevolume
942,increasevolume
943,decreasevolume
944,increasevolume
945,decreasevolume
946,decreasevolume
947,decreasevolume
948,activatemusic
949,increasevolume
950,increaseheat
951,increasevolume
952,increaseheat
953,increasevolume
954,increasevolume
955,increasevolume
956,increasevolume
957,decreasevolume
958,decreasevolume
959,decreasevolume
960,decreasevolume
961,increasevolume
962,decreasevolume
963,decreasevolume
964,change languagenone
965,decreasevolume
966,decreasevolume
967,increasevolume
968,decreasevolume
969,decreasevolume
970,increasevolume
971,decreasevolume
972,increasevolume
973,increasevolume
974,activatemusic
975,increasevolume
976,increaseheat
977,change languagenone
978,increasevolume
979,decreasevolume
980,increasevolume
981,increasevolume
982,increasevolume
983,increasevolume
984,decreasevolume
985,increasevolume
986,increasevolume
987,decreaseheat
988,increasevolume
989,increasevolume
990,decreasevolume
991,decreasevolume
992,activatemusic
993,activatemusic
994,decreasevolume
995,increasevolume
996,increasevolume
997,decreasevolume
998,increasevolume
999,decreasevolume
1000,increasevolume
1001,increasevolume
1002,decreasevolume
1003,increasevolume
1004,increasevolume
1005,increasevolume
1006,change languagenone
1007,increasevolume
1008,decreasevolume
1009,increasevolume
1010,decreasevolume
1011,increasevolume
1012,decreasevolume
1013,increasevolume
1014,increasevolume
1015,decreasevolume
1016,decreasevolume
1017,increasevolume
1018,change languagenone
1019,activatemusic
1020,increaseheat
1021,activatemusic
1022,decreasevolume
1023,decreasevolume
1024,change languagenone
1025,change languagenone
1026,decreasevolume
1027,decreasevolume
1028,decreasevolume
1029,increasevolume
1030,increasevolume
1031,increasevolume
1032,increasevolume
1033,decreasevolume
1034,increasevolume
1035,increaseheat
1036,increasevolume
1037,increaseheat
1038,increasevolume
1039,increaseheat
1040,change languagenone
1041,increaseheat
1042,increasevolume
1043,increasevolume
1044,increasevolume
1045,increasevolume
1046,decreasevolume
1047,increasevolume
1048,decreasevolume
1049,increasevolume
1050,increasevolume
1051,decreasevolume
1052,increasevolume
1053,decreasevolume
1054,decreasevolume
1055,decreasevolume
1056,increasevolume
1057,increasevolume
1058,increaseheat
1059,decreasevolume
1060,decreasevolume
1061,decreasevolume
1062,increasevolume
1063,decreasevolume
1064,increasevolume
1065,decreasevolume
1066,increasevolume
1067,increasevolume
1068,increasevolume
1069,decreasevolume
1070,increasevolume
1071,decreasevolume
1072,increasevolume
1073,decreasevolume
1074,increasevolume
1075,increasevolume
1076,increasevolume
1077,decreasevolume
1078,decreaseheat
1079,decreasevolume
1080,decreasevolume
1081,decreasevolume
1082,increasevolume
1083,increasevolume
1084,increasevolume
1085,decreasevolume
1086,decreasevolume
1087,decreasevolume
1088,increasevolume
1089,decreaseheat
1090,decreasevolume
1091,decreasevolume
1092,decreasevolume
1093,decreasevolume
1094,decreasevolume
1095,decreasevolume
1096,decreasevolume
1097,increasevolume
1098,decreasevolume
1099,increasevolume
1100,increasevolume
1101,decreasevolume
1102,decreasevolume
1103,increasevolume
1104,increasevolume
1105,decreasevolume
1106,increasevolume
1107,increasevolume
1108,increaseheat
1109,increasevolume
1110,decreasevolume
1111,increasevolume
1112,decreasevolume
1113,increasevolume
1114,decreaseheat
1115,increasevolume
1116,increasevolume
1117,change languagenone
1118,decreasevolume
1119,decreasevolume
1120,increaseheat
1121,decreasevolume
1122,increasevolume
1123,increasevolume
1124,change languagenone
1125,increasevolume
1126,decreasevolume
1127,increasevolume
1128,decreasevolume
1129,increasevolume
1130,increasevolume
1131,increasevolume
1132,decreasevolume
1133,decreasevolume
1134,increaseheat
1135,increaseheat
1136,increaseheat
1137,increasevolume
1138,decreasevolume
1139,increasevolume
1140,increasevolume
1141,increasevolume
1142,decreasevolume
1143,increaseheat
1144,increasevolume
1145,increasevolume
1146,increasevolume
1147,increaseheat
1148,decreasevolume
1149,increasevolume
1150,increaseheat
1151,decreaseheat
1152,change languagenone
1153,increasevolume
1154,decreasevolume
1155,increasevolume
1156,change languagenone
1157,decreasevolume
1158,decreasevolume
1159,decreasevolume
1160,decreasevolume
1161,increasevolume
1162,increasevolume
1163,decreaseheat
1164,increasevolume
1165,increaseheat
1166,activatemusic
1167,decreasevolume
1168,decreasevolume
1169,decreasevolume
1170,increasevolume
1171,decreasevolume
1172,increasevolume
1173,decreasevolume
1174,increasevolume
1175,increaseheat
1176,increasevolume
1177,decreasevolume
1178,increasevolume
1179,increasevolume
1180,decreaseheat
1181,increasevolume
1182,change languagenone
1183,decreaseheat
1184,activatemusic
1185,decreaseheat
1186,decreasevolume
1187,decreaseheat
1188,increasevolume
1189,increasevolume
1190,decreaseheat
1191,increasevolume
1192,increasevolume
1193,increasevolume
1194,change languagenone
1195,increasevolume
1196,increasevolume
1197,increasevolume
1198,decreasevolume
1199,increasevolume
1200,decreasevolume
1201,increasevolume
1202,increasevolume
1203,decreaseheat
1204,increasevolume
1205,increasevolume
1206,decreasevolume
1207,increasevolume
1208,increasevolume
1209,increasevolume
1210,increasevolume
1211,increasevolume
1212,decreasevolume
1213,decreasevolume
1214,increasevolume
1215,decreasevolume
1216,decreasevolume
1217,decreasevolume
1218,increasevolume
1219,increasevolume
1220,increasevolume
1221,decreasevolume
1222,change languagenone
1223,increasevolume
1224,increasevolume
1225,increaseheat
1226,increasevolume
1227,increasevolume
1228,increasevolume
1229,activatemusic
1230,increasevolume
1231,decreasevolume
1232,increasevolume
1233,decreasevolume
1234,increasevolume
1235,increasevolume
1236,decreasevolume
1237,decreasevolume
1238,decreasevolume
1239,decreasevolume
1240,decreasevolume
1241,increasevolume
1242,decreasevolume
1243,decreasevolume
1244,decreasevolume
1245,decreasevolume
1246,increasevolume
1247,increasevolume
1248,increasevolume
1249,decreasevolume
1250,increaseheat
1251,increasevolume
1252,change languagenone
1253,increasevolume
1254,increasevolume
1255,decreasevolume
1256,decreasevolume
1257,decreasevolume
1258,decreaseheat
1259,increasevolume
1260,increasevolume
1261,increasevolume
1262,activatemusic
1263,increasevolume
1264,increasevolume
1265,increasevolume
1266,decreasevolume
1267,increasevolume
1268,increasevolume
1269,change languagenone
1270,increasevolume
1271,increasevolume
1272,decreasevolume
1273,activatemusic
1274,increasevolume
1275,increasevolume
1276,decreasevolume
1277,decreaseheat
1278,increasevolume
1279,decreasevolume
1280,change languagenone
1281,increasevolume
1282,decreasevolume
1283,decreasevolume
1284,increasevolume
1285,increasevolume
1286,decreasevolume
1287,increasevolume
1288,increasevolume
1289,decreaseheat
1290,decreasevolume
1291,decreasevolume
1292,increasevolume
1293,increasevolume
1294,decreaseheat
1295,activatemusic
1296,increasevolume
1297,increasevolume
1298,increasevolume
1299,increasevolume
1300,increasevolume
1301,decreasevolume
1302,decreasevolume
1303,increasevolume
1304,increasevolume
1305,increaseheat
1306,decreasevolume
1307,increaseheat
1308,decreasevolume
1309,increasevolume
1310,increasevolume
1311,change languagenone
1312,activatemusic
1313,increasevolume
1314,increasevolume
1315,increasevolume
1316,increasevolume
1317,decreasevolume
1318,decreasevolume
1319,increasevolume
1320,decreasevolume
1321,decreasevolume
1322,increasevolume
1323,increasevolume
1324,increaseheat
1325,decreasevolume
1326,increasevolume
1327,increasevolume
1328,decreasevolume
1329,increasevolume
1330,decreasevolume
1331,increasevolume
1332,decreasevolume
1333,increasevolume
1334,decreasevolume
1335,increaseheat
1336,decreasevolume
1337,increasevolume
1338,decreasevolume
1339,increasevolume
1340,decreasevolume
1341,increaseheat
1342,increasevolume
1343,decreaseheat
1344,decreasevolume
1345,decreasevolume
1346,increasevolume
1347,change languagenone
1348,increasevolume
1349,increasevolume
1350,increasevolume
1351,decreasevolume
1352,increasevolume
1353,decreasevolume
1354,increasevolume
1355,increasevolume
1356,activatemusic
1357,decreasevolume
1358,activatemusic
1359,increasevolume
1360,decreasevolume
1361,increasevolume
1362,increasevolume
1363,decreaseheat
1364,decreasevolume
1365,change languagenone
1366,increasevolume
1367,increasevolume
1368,change languagenone
1369,increasevolume
1370,increasevolume
1371,increasevolume
1372,increaseheat
1373,activatemusic
1374,decreasevolume
1375,decreasevolume
1376,increasevolume
1377,increasevolume
1378,decreasevolume
1379,increasevolume
1380,increasevolume
1381,increasevolume
1382,increaseheat
1383,increasevolume
1384,activatemusic
1385,decreasevolume
1386,decreaseheat
1387,decreasevolume
1388,decreasevolume
1389,increasevolume
1390,increasevolume
1391,decreasevolume
1392,increasevolume
1393,increasevolume
1394,decreasevolume
1395,increasevolume
1396,increasevolume
1397,increasevolume
1398,change languagenone
1399,increasevolume
1400,increasevolume
1401,decreasevolume
1402,decreasevolume
1403,increasevolume
1404,increasevolume
1405,increasevolume
1406,increasevolume
1407,decreasevolume
1408,increasevolume
1409,decreasevolume
1410,increasevolume
1411,increasevolume
1412,increasevolume
1413,decreaseheat
1414,increasevolume
1415,change languagenone
1416,increasevolume
1417,decreaseheat
1418,decreasevolume
1419,decreasevolume
1420,increasevolume
1421,change languagenone
1422,increasevolume
1423,decreaseheat
1424,decreaseheat
1425,activatemusic
1426,increasevolume
1427,increasevolume
1428,increasevolume
1429,increasevolume
1430,increasevolume
1431,decreasevolume
1432,increasevolume
1433,increasevolume
1434,decreasevolume
1435,increasevolume
1436,decreasevolume
1437,increasevolume
1438,increasevolume
1439,increasevolume
1440,increaseheat
1441,increasevolume
1442,increaseheat
1443,decreasevolume
1444,increasevolume
1445,decreasevolume
1446,increasevolume
1447,activatemusic
1448,decreasevolume
1449,decreasevolume
1450,increasevolume
1451,decreasevolume
1452,increasevolume
1453,decreasevolume
1454,increasevolume
